"","ID","Author","Title","ClassNumber","ClassName","Quarter","Year","Descriptors","Location","Ecological","Intertidal","Invert","Algae","Repeatable","saved papers","Experimental","Map","Raw data","GroupNames","X20"
"1",2,"Comita, Gabriel W.","Copepod commensals of pelecypods","Zoology 533","Advanced Invertebrate Zoology","Summer",1949,"Paranthessius; Schizothaerus; Herrmannella finmarchica",NA,1,1,1,0,1,NA,NA,NA,NA,"Jamie, Jessica, Kia",NA
"2",5,"Oldenborg, Elizabeth A","Some errant polychaetes of Friday Harbor area","Zoology 225","Advanced Invertebrate Zoology","Summer",1949,NA,"Friday Harbor",1,1,1,0,1,NA,NA,NA,NA,"Jamie, Jessica, Kia",NA
"3",6,"Oldenborg, Elizabeth","Studies in regeneration in polychaete worms","Zoology 225","Advanced Invertebrate Zoology","Summer",1949,"Eudistylia polymorpha; Serpula vermicularis",NA,1,1,1,0,1,NA,NA,NA,NA,"Jamie, Jessica, Kia",NA
"4",7,"Annan, Murvel E.","A study of the fauna of Jones' Beach","Zoology 533","Advanced Invertebrate Zoology","Summer",1950,"Macoma; Protothaca staminea","Jones' Beach, San Juan Island",1,1,1,0,1,NA,NA,NA,NA,"Jamie, Jessica, Kia",NA
"5",8,"Arny, Samuel A.","Some notes on the movements of two species of littorine snails, Littorina sitchana and Littorina scutulata","Zoology 533","Advanced Invertebrate Zoology","Summer",1950,"Littorina sitkana; Littorina scutulata",NA,1,1,1,0,1,"jamie",NA,NA,NA,"Jamie, Jessica, Kia",NA
"6",9,"Barkas, Earl H.","Intertidal pelecypods of Argyle Lagoon and adjacent beaches","Zoology 533","Advanced Invertebrate Zoology","Summer",1950,"Upogebia; Bankia; Rochefortia","Argyle Lagoon, San Juan Island",1,1,1,0,1,"K",NA,NA,NA,"Jamie, Jessica, Kia",NA
"7",10,"Bell, G. Mary","Some Phoronida of Puget Sound","Zoology 533","Advanced Invertebrate Zoology","Summer",1950,"Phoronis; Phoronopsis","Puget Sound",1,1,1,0,1,NA,NA,NA,NA,"Jamie, Jessica, Kia",NA
"8",12,"Knight, Patricia F.","Characteristics for the separation of the species in the genus Strongylocentrotus Brandt","Zoology 533","Advanced Invertebrate Zoology","Summer",1950,"Strongylocentrotus droebachiensis; Strongylocentrotus purpuratus; Strongylocentrotus franciscanus",NA,1,1,1,0,1,"Jamie, K",NA,NA,NA,"Jamie, Jessica, Kia",NA
"9",13,"Krogstad, Blanchard","A collection of the amphipods of the San Juan Islands and vicinity with records of their occurrence and color in nature","Zoology 533","Advanced Invertebrate Zoology","Summer",1950,"Melita dentata; Paragrubia uncinata; Parallorchestes","San Juan Islands",1,1,1,0,1,"jamie: for how salty it is",NA,NA,NA,"Jamie, Jessica, Kia",NA
"10",14,"MacPhee, Chris","Holothurians of the genus Cucumaria collected in the San Juan Islands in the Summer of 1950","Zoology 533","Advanced Invertebrate Zoology","Summer",1950,"Cucumaria populifera; Cucumaria miniata; Cucumaria","San Juan Islands",1,1,1,0,0.5,NA,NA,NA,NA,"Jamie, Jessica, Kia",NA
"11",16,"Tiner, Jack D.","Observations on the marine free-living nematodes of the San Juan Islands","Zoology 233","Advanced Invertebrate Zoology","Summer",1950,NA,"San Juan Islands",1,1,1,0,1,NA,NA,NA,NA,"Jamie, Jessica, Kia",NA
"12",17,"Wellings, S.R.","Observations on the vertical distribution and constancy of position of four species of Acmaea at Friday Harbor, Washington","Zoology 233","Advanced Invertebrate Zoology","Summer",1950,"Acmaea","Brown Island; Friday Harbor",1,1,1,0,1,"intertidal distribution of snails, K",NA,NA,NA,"Jamie, Jessica, Kia",NA
"13",18,"Bowes, Pat","A brief survey of the commensals and parasites of the collenterata","Zoology 533","Advanced Invertebrate Zoology","Summer",1951,"Hydrozoa; Scyphozoa; Anthozoa",NA,1,1,1,0,0.5,NA,NA,NA,NA,"Jamie, Jessica, Kia",NA
"14",23,"Karlstrom, Ernest L.","Intraspecific variation in Dendraster excentricus Eschcholtz from two localities in the San Juan Islands","Zoology 533","Advanced Invertebrate Zoology","Summer",1951,"Dendraster excentricus","False Bay, San Juan Island; Crescent Beach, Orcas Island",1,1,1,0,1,NA,0,0,1,"Jamie, Jessica, Kia",NA
"15",24,"Norton, John R.","A taxonomic study of the family Calyptraeidae of the waters of the San Juan archipelago and vicinity","Zoology 533","Advanced Invertebrate Zoology","Summer",1951,"Calyptraeidae","San Juan Islands",1,1,1,0,0.5,NA,0,0,0,"Jamie, Jessica, Kia",NA
"16",25,"Schoenig, Enrique H.","A study of the influence of ecological factors upon the form and density of the shells of three species of Acmaea","Zoology 533","Advanced Invertebrate Zoology","Summer",1951,"Acmaea persona; Acmaea pelta; Acmaea scutum",NA,1,1,1,0,1,"good study",0,0,1,"Jamie, Jessica, Kia",NA
"17",26,"Snyder, Richard C","A preliminary key to the Tunicates of the Friday Harbor, Washington, region","Zoology 533","Advanced Invertebrate Zoology","Summer",1951,NA,"Friday Harbor",1,1,1,0,0.5,NA,0,0,0,"Jamie, Jessica, Kia",NA
"18",27,"Webb, Olin L","A contribution to the natural history of the beach hopper, Orchestia triskiana Stimpson","Zoology 533","Advanced Invertebrate Zoology","Summer",1951,"Orchestia traskiana",NA,1,1,1,1,1,NA,1,0,0,"Jamie, Jessica, Kia",NA
"19",28,"Eschenberg, K.","On the symbiotic relationships of holothurians of the Friday Harbor region","Zoology 533","Advanced Invertebrate Zoology","Summer",1952,"Cucumaria; Stichopus californicus; Leptosynapta","Friday Harbor",1,1,1,0,0.5,NA,0,0,1,"Jamie, Jessica, Kia",NA
"20",30,"Goodman, Donald Charles","An ecological variation in the number of interambulacral plates in Strongylocentrotus droebachiensis (O. Fr. Muller)","Zoology 533","Advanced Invertebrate Zoology","Summer",1952,"Strongylocentrotus droebachiensis; Strongylocentrotus; Temnopleurus",NA,1,1,1,0,1,NA,0,0,1,"Jamie, Jessica, Kia",NA
"21",31,"Lauff, G.H.","A faunal study of wharf pilings on San Juan Island, Washington","Zoology 533","Advanced Invertebrate Zoology","Summer",1952,NA,"San Juan Island",1,1,1,1,1,"!!!! super cool jamie",0,1,0,"Jamie, Jessica, Kia",NA
"22",32,"Yowell, H.","A study of barnacle distribution","Zoology 533","Advanced Invertebrate Zoology","Summer",1952,"Balanus glandula; Balanus cariosus","Turn Point, San Juan Island",1,1,1,0,0.5,NA,0,1,0,"Jamie, Jessica, Kia",NA
"23",33,"Anderson, G.C.","A study of some ecological factors in tide pools","Zoology 533","Advanced Invertebrate Zoology","Summer",1953,NA,"Mar Vista, San Juan Island",1,1,1,0,1,"cool",0,0,1,"Jamie, Jessica, Kia",NA
"24",34,"Anderson, Sydney","Some observations of the numbers and distribution of common intertidal animals at Friday Harbor, Washington","Zoology 533","Advanced Invertebrate Zoology","Summer",1953,"Balanus; Littorina; Acmaea","Friday Harbor",1,1,1,0,1,"jamie",1,0,1,"Jamie, Jessica, Kia",NA
"25",36,"Engstrom, Verna Louise","The vertical distribution of several common intertidal invertebrates on a rocky shore","Zoology 533","Advanced Invertebrate Zoology","Summer",1953,"Acmaea; Littorina scutulata","Brown Island",1,1,1,0,1,NA,0,1,1,"Jamie, Jessica, Kia",NA
"26",38,"Heck, Oscar B.","A study of the zonation of some animals on an exposed rocky point","Zoology 533","Advanced Invertebrate Zoology","Summer",1953,"mytilus; littorina; acmaea","Mar Vista",1,1,1,0,1,"see also id 34",0,0,0,"Jamie, Jessica, Kia",NA
"27",40,"Russell, Robert J.","Notes on the ecological distribution and commensals of hermit crabs in the San Juan Islands","Zoology 533","Advanced Invertebrate Zoology","Summer",1953,NA,"San Juan Islands",1,1,1,0,0.5,NA,0,0,0,"Jamie, Jessica, Kia",NA
"28",41,"Stains, Howard J.","The marking of sea urchins of the genus Strongylocentrotus in a study of their movement","Zoology 533","Advanced Invertebrate Zoology","Summer",1953,"Strongylocentrotus droebachiensis; Strongylocentrotus purpuratus",NA,1,1,1,0,1,NA,1,1,1,"Jamie, Jessica, Kia",NA
"29",42,"Tucker, Marie","A study of the terebellid polychaetes of the Friday Harbor region","Zoology 533","Advanced Invertebrate Zoology","Summer",1953,NA,"Friday Harbor",1,1,1,1,0.5,NA,0,0,0,"Jamie, Jessica, Kia",NA
"30",47,"Clogston, Fred L.","Preliminary survey of the fauna living directly upon Zostera marina (Linne) in the San Juan Island-Puget Sound Region; with notes on seasonal variations","Zoology 533","Advanced Invertebrate Zoology","Summer",1954,"Zostera marina","Brown Island; False Bay, San Juan Island; Argyle Lagoon, San Juan Island",1,1,1,1,1,NA,NA,NA,NA,"Jamie, Jessica, Kia",NA
"31",52,"Malcolm, David R.","Resistance to desiccation and submergence as correlated to the zonal distribution of three species of intertidal snails","Zoology 533","Advanced Invertebrate Zoology","Summer",1954,"Littorina scutulata; Littorina sitkana; Thais lamellosa",NA,0.5,1,1,0,1,NA,NA,NA,NA,"Jamie, Jessica, Kia",NA
"32",53,"Nydegger, LeRoy B.","Observations on the behavior of Schizobranchia insignis Bush","Zoology 533","Advanced Invertebrate Zoology","Summer",1954,"Schizobranchia insignis; Sabella pavonina; Pseudopotamilla occelata; Potamilla occelata",NA,1,1,1,0,1,NA,NA,NA,NA,"Jamie, Jessica, Kia",NA
"33",57,"Gillespie, Walter L.","A comparison of tide pools on limestone and ""igneous"" rock","Zoology 533","Advanced Invertebrate Zoology","Summer",1955,NA,NA,1,1,1,0,1,NA,NA,NA,NA,"Jamie, Jessica, Kia",NA
"34",58,"Heinsohn, George E.","A comparative study of some tide pools at Kanaka Point","Zoology 533","Advanced Invertebrate Zoology","Summer",1955,NA,"Kanaka Point",1,1,1,1,1,NA,NA,NA,NA,"Jamie, Jessica, Kia",NA
"35",59,"Throckmorton, Lynn H.","A comparison of the fauna found and its distribution on two beaches in the region of False Bay","Zoology 533","Advanced Invertebrate Zoology","Summer",1955,NA,"False Bay, San Juan Island",1,1,1,0,1,NA,NA,NA,NA,"Jamie, Jessica, Kia",NA
"36",60,"West, George C.","Comparison of the fauna and flora on limestone and ""igneous"" rock","Zoology 533","Advanced Invertebrate Zoology","Summer",1955,NA,NA,1,1,1,0,1,NA,NA,NA,NA,"Jamie, Jessica, Kia",NA
"37",61,"Chammek, Ard","Eel grass (Zostera) and the organisms associated with it at Argyle Lagoon","Zoology 533","Advanced Invertebrate Zoology","Summer",1955,"Zostera","Argyle Lagoon, San Juan Island",1,1,1,0,0.5,NA,NA,NA,NA,"Jamie, Jessica, Kia",NA
"38",63,"Schinske, Robert","The fauna and ecology of Argyle Creek","Zoology 533","Advanced Invertebrate Zoology","Summer",1956,NA,"Argyle Creek, San Juan Island",1,1,1,0,1,NA,NA,NA,NA,"Jamie, Jessica, Kia",NA
"39",66,"Jones, Laurence G.","A study of the chitons of San Juan Island and vicinity","Zoology 533","Advanced Invertebrate Zoology","Summer",1957,NA,"San Juan Island",1,1,1,0,1,"kia",NA,NA,NA,"Jamie, Jessica, Kia",NA
"40",70,"Willing, E.S., Jr.","A special marine environment created by Argyle Lagoon, San Juan Island","Zoology 533","Advanced Invertebrate Zoology","Summer",1957,NA,"Argyle Lagoon, San Juan Island",1,1,1,1,0.5,NA,0,1,0.5,"Jamie, Jessica, Kia",NA
"41",74,"Paris, O.H., Jr.","Predation in Balanus-Mytilus communities","Zoology 533","Advanced Invertebrate Zoology","Summer",1958,"Thais canaliculata; Mytilus edulis; Balanus",NA,1,1,1,0,1,NA,0,0,0,"Jamie, Jessica, Kia",NA
"42",75,"Stanley, Hugh P.","Problems of larval settlement at Friday Harbor","Zoology 533","Advanced Invertebrate Zoology","Summer",1958,NA,"Friday Harbor",0.5,1,1,0,1,NA,1,1,1,"Jamie, Jessica, Kia",NA
"43",78,"Willis, Edwin","A study of sand-dwelling polychaetes in False Bay, Washington","Zoology 533","Advanced Invertebrate Zoology","Summer",1958,"Rhynchospio arenincola; Polydora; Notomastus tenuis","False Bay, San Juan Island",1,1,1,0,1,NA,0,1,1,"Jamie, Jessica, Kia",NA
"44",84,"Salli, Arne J.","Observations on the behavior of hermit crabs","Zoology 533","Advanced Invertebrate Zoology","Summer",1959,"Thais lamellosa; Pagurus granosimanus; Balanus cariosus",NA,1,1,1,0,1,NA,NA,NA,NA,"Jamie, Jessica, Kia",NA
"45",85,"Stewart, Glenn R.","Osmoregulation in the sphaeromid isopods from brackish water at False Bay","Zoology 533","Advanced invertebrate zoology","Summer",1959,"Sphaeroma oregonensis; Gnorimosphaeroma","False Bay, San Juan Island",1,1,1,0,1,NA,NA,NA,NA,"Jamie, Jessica, Kia",NA
"46",87,"Urban, Emil K.","Remarks on the vertical intertidal distribution of Littorina in the San Juan archipelago","Zoology 533","Advanced invertebrate zoology","Summer",1959,"Littorina","San Juan Islands",1,1,1,0,1,NA,NA,NA,NA,"Jamie, Jessica, Kia",NA
"47",88,"Weatherly, Norman F.","Rhizocephalan parasites of hermit crabs from the San Juan Island area","Zoology 533","Advanced invertebrate zoology","Summer",1959,"Peltogaster; Peltogastrella; Thompsonia","San Juan Islands",1,1,1,0,1,NA,NA,NA,NA,"Jamie, Jessica, Kia",NA
"48",89,"Davis, P.W. Jr.","Some geographical and taxonomic aspects of the host-parasite relationships of the bopyrids and rhizocephalans of the San Juan Island area","Zoology 533","Advanced Invertebrate Zoology","Summer",1960,"Anomura","San Juan Island",1,1,1,0,0.5,NA,NA,NA,NA,"Jamie, Jessica, Kia",NA
"49",90,"Gardella, C.M.","Caprellidae of the San Juan area","Zoology 533","Advanced Invertebrate Zoology","Summer",1960,"Caprellidae",NA,1,1,1,1,1,NA,NA,NA,NA,"Jamie, Jessica, Kia",NA
"50",94,"Long, John A.","Some observations on the growth of Terebratalia transversa (Soweby) 1846","Zoology 533","Advanced Invertebrate Zoology","Summer",1960,"Terebratalia transversa",NA,1,1,1,0,1,NA,NA,NA,NA,"Jamie, Jessica, Kia",NA
"51",96,"McCorkle, David V.","The distribution and a study of some factors responsible for such distribution of three species of intertidal hermit crabs at San Juan Island, Washington","Zoology 533","Advanced Invertebrate Zoology","Summer",1960,"Pagurus hirsutiusculus; Pagurus granosimanus; Pagurus beringanus","San Juan Island",1,1,1,0,0.5,NA,NA,NA,NA,"Jamie, Jessica, Kia",NA
"52",97,"MacIntyre, Ross","Preliminary report on the cnidom of anemones of the San Juan region","Zoology 533","Advanced Invertebrate Zoology","Summer",1960,NA,"San Juan Islands",1,1,1,0,1,NA,NA,NA,NA,"Jamie, Jessica, Kia",NA
"53",100,"Ridgeway, Bill T.","A survey of the animal communities associated with the eel-grass Zostera marina with attention to the burrowing forms","Zoology 533","Advanced Invertebrate Zoology","Summer",1960,"Zostera; Phyllospadix",NA,1,1,0,1,1,NA,0,0,1,"Jamie, Jessica, Kia",NA
"54",101,"Smith, Lynwood S.","Observations on Transennella tantilla, an ovoviviparous clam of the family Veneridae","Zoology 533","Advanced Invertebrate Zoology","Summer",1960,"Transennella tantilla; Aloidis",NA,1,1,1,0,1,NA,0,1,1,"Jamie, Jessica, Kia",NA
"55",105,"Bennett, Diane C.","Observations on pedicellariae of several starfish of the family Asteridae found in the San Juan area","Zoology 533","Advanced Invertebrate Zoology","Summer",1961,"Asterias forreri; Astrometis sertulifera","San Juan Islands",1,1,1,0,1,NA,1,0,0,"Jamie, Jessica, Kia",NA
"56",109,"Mauzey, Karl P.","Some observations on the ecology of Pisaster ochraceus","Zoology 533","Advanced Invertebrate Zoology","Summer",1961,"Pisaster ochraceus; Balanus cariosus; Evasterias troschelii",NA,1,1,1,0,1,"Jessica",0,1,1,"Jamie, Jessica, Kia",NA
"57",110,"Mir, Robert D.","Sand microfauna: a preliminary survey","Zoology 533","Advanced Invertebrate Zoology","Summer",1961,NA,"Turn Island; Eagle Cove, San Juan Island; Reid Rock, San Juan Island",1,1,0,1,1,NA,0,0,1,"Jamie, Jessica, Kia",NA
"58",117,"Casey, Richard","Preliminary investigation of the Noctiluca of the Friday Harbor area","Zoology 533","Advanced Invertebrate Zoology","Summer",1962,"Noctiluca miliaris; Noctiluca scintillans","Friday Harbor",1,1,0,1,1,NA,NA,NA,NA,"Chloe, Henry, Sean",NA
"59",118,"Corliss, Sylvia","Preliminary observations on the feeding behavior of Lacuna in the Friday Harbor region, Washington","Zoology 533","Advanced Invertebrate Zoology","Summer",1962,"Lacuna; Littorina littorea","Friday Harbor",1,1,1,1,1,NA,NA,NA,NA,"Chloe, Henry, Sean",NA
"60",119,"Cundiff, Milford F.","The effects of temperature on the resistance of Mytilus edulis to hypotonic sea-water","Zoology 533","Advanced Invertebrate Zoology","Summer",1962,"Mytilus edulis; Ostrea edulis",NA,1,1,1,0,1,NA,NA,NA,NA,"Chloe, Henry, Sean",NA
"61",120,"Hummon, William D.","Some preliminary observations on the marine gastrotrichs of the San Juan archipelago","Zoology 533","Advanced Invertebrate Zoology","Summer",1962,"Paraturbanella intermedia; Turbanella; Lepidodermella","San Juan Islands",1,0.5,1,0,1,NA,NA,NA,NA,"Chloe, Henry, Sean",NA
"62",121,"Hubbard, John P.","The gastropod fauna of the sub-class Prosobranchia of the San Juan archipelago","Zoology 533","Advanced Invertebrate Zoology","Summer",1962,"Odostomia; Turbonilla","San Juan Islands",0.5,1,1,0,0.5,NA,NA,NA,NA,"Chloe, Henry, Sean",NA
"63",123,"Middaugh, Mical E.","Key to the genus Pagurus of the Friday Harbor area","Zoology 533","Advanced Invertebrate Zoology","Summer",1962,"Pagurus","Friday Harbor",1,1,1,0,1,NA,NA,NA,NA,"Chloe, Henry, Sean",NA
"64",126,"Porcaro, Carol A.","Some aspects of the Arctonoe vittata - Diodora aspera relation","Zoology 533","Advanced Invertebrate Zoology","Summer",1962,"Arctonoe vittata; Diodora aspera",NA,1,0.5,1,0,1,NA,NA,NA,NA,"Chloe, Henry, Sean",NA
"65",127,"Thut, Rudolph N.","A preliminary study of environmental factors affecting the distribution of the intertidal infauna of False Bay","Zoology 533","Advanced Invertebrate Zoology","Summer",1962,"Macoma; Naididae","False Bay, San Juan Island",1,1,1,0,0.5,NA,NA,NA,NA,"Chloe, Henry, Sean",NA
"66",142,"Dolph, C. Ivar","Some notes on the ecology of Zostera marina","Zoology 533","Advanced Invertebrate Zoology","Summer",1963,"Zostera marina",NA,1,1,1,1,1,NA,0,0,0,"Sean, Chloe, Henry",NA
"67",145,"Jones, Margaret","Responses of Parastichopus californicus (Stimpson)","Zoology 533","Advanced Invertebrate Zoology","Summer",1963,"Parastichopus californicus; Luidia; Pycnopodia",NA,1,1,1,0,1,NA,1,0,1,NA,NA
"68",146,"Jamison, D.","Homing behavior in the local Acmaea, and some suggestions as to its usefulness to the animal","Zoology 533","Advanced Invertebrate Zoology","Summer",1963,"Acmaea digitalis; Acmaea persona; Acmaea scutum",NA,1,1,1,0,1,NA,0.5,1,1,NA,NA
"69",152,"Spring, Lowell W.","Faunal distribution on a tombola connecting Cute and Turn Islands","Zoology 533","Advanced Invertebrate Zoology","Summer",1963,"Mytilus edulis; Thelepus crispus; Macoma","Cute Island; Turn Island",1,1,1,0,0.5,NA,1,1,1,NA,NA
"70",153,"Class Project","Cute Island and Turn Rock faunal survey","Zoology 533b","Advanced Invertebrate Zoology","Summer",1963,NA,"Cute Island; Turn Island",1,1,1,0,0.5,NA,0,1,1,NA,NA
"71",159,"Sill, Virginia","comparison of the ability of Hedophyllum sessile and two forms of Fucus evanescens to withstand dessication","Botany 545","Marine Algology","Summer",1964,"Hedophyllum sessile; Fucus evanescens",NA,0.5,1,0,1,1,NA,NA,NA,NA,NA,NA
"72",171,"Tucker, Lois E.","Some transects of the intertidal zone on the rocky shores of Friday Island, Friday Harbor, Washington, and Kaikoura Peninsula, New Zealand","Zoology 533","Advanced Invertebrate Zoology","Summer",1964,NA,"Friday Island; Kaikoura Peninsula, New Zealand",1,1,1,0,1,NA,NA,NA,NA,NA,NA
"73",173,"Wagenbach, Gary","A survey of animals occuring on five species of brown algae - with comments on the nauplius of the harpacticoid copepod, Scutellidium arthuri","Zoology 533","Advanced Invertebrate Zoology","Summer",1964,"Scutellidium arthuri; Alaria; Laminaria; Nereocystis",NA,1,1,1,1,0.5,NA,0,0,1,"Sean, Chloe, Henry",NA
"74",174,"Ackermann, John M.","Some aspects of predation and zonation in Balanus and Mytilus communities","Zoology 533","Advanced Invertebrate Zoology","Summer",1964,"Balanus cariosus; Pisaster ochraceus; Mytilus californianus",NA,1,1,1,0,1,"WOW",0,1,1,"Sean, Chloe, Henry",NA
"75",175,"Batzli, George","Species diversity in tidepools of San Juan Island, Washington","Zoology 533","Advanced Invertebrate Zoology","Summer",1964,"Anthopleura; Balanus; Littorina; Katharina; Pagurus","San Juan Island",1,1,1,1,1,"Elena",0,0,1,"Sean, Chloe, Henry",NA
"76",176,"Benson, Woodruff","A study on the vertical repartition of some invertebrates, especially the ciliated protozoans, in the sands of False Bay, San Juan Island, Washington","Zoology 533","Advanced Invertebrate Zoology","Summer",1964,NA,"False Bay, San Juan Island",1,1,1,0,1,NA,0,1,1,"Sean, Chloe, Henry",NA
"77",181,"Alvarez, Amada","Preliminary study of the macro-psamophilous flora at False Bay","Botany 445","Marine Algology","Summer",1965,"Vaucheria litoria","False Bay, San Juan Island",1,1,0,1,1,NA,1,1,1,"Chloe, Henry, Sean",NA
"78",192,"Thorne, Boyce","Open water phytoplankton in splash pools","Botany 445","Marine Algology","Summer",1965,NA,NA,1,1,0,1,1,NA,1,0,0,"Chloe, Henry, Sean",NA
"79",200,"Dayton, Paul K.","Some aspects of the functional anatomy and ecology of the orbiniid polychaete
 
 Nainereis laevigata","Zoology 533","Advanced Invertebrate Zoology","Summer",1965,"Nainereis laevigata; Scoloplos; Haploscoloplos",NA,1,1,1,0,1,NA,NA,NA,NA,NA,NA
"80",201,"Harris, Larry G.","Observations on feeding behavior and buccal apparatus in several species of coelenterate-eating nudibranchs of the San Juan Island area","Zoology 533","Advanced Invertebrate Zoology","Summer",1965,"Aeolidiella alderi; Armina; Dirona albolineata","San Juan Island",0.5,0.5,1,0,1,NA,NA,NA,NA,NA,NA
"81",203,"Low, Janet","Preliminary studies on Hyale pugettensis (Dana), a tidepool amphipod","Zoology 533","Advanced Invertebrate Zoology","Summer",1965,"Hyale pugettensis; Rhodomela; Polysiphonia",NA,0.5,1,1,0,1,NA,NA,NA,NA,NA,NA
"82",209,"Sill, Virginia","Food preference and feeding behavior of the four nudibranchs Eubanchus olivaceus, Cuthona concinna, Coryphella fusca, and Dendronotus arborescens","Zoology 533","Advanced Invertebrate Zoology","Summer",1965,"Eubranchus olivaceus; Cuthona concinna; Coryphella fusca; Dendronotus arborescens",NA,1,0.5,1,0,1,NA,NA,NA,NA,NA,NA
"83",210,"Simberloff, Daniel","Predation of nauplii and population control in Tigriopus californicus","Zoology 533","Advanced Invertebrate Zoology","Summer",1965,"Tigriopus californicus; Tribolium confusum; Peltogaster beschmai",NA,0.5,1,1,0,1,NA,NA,NA,NA,NA,NA
"84",237,"Hforch, Ken","A preliminary ecological survey of Jakle's Lagoon","Zoology 533","Advanced Invertebrate Zoology","Summer",1966,NA,"Jakle's Lagoon, San Juan Island",1,1,1,0,1,NA,0,1,1,"cormac, lauren, elena",NA
"85",238,"Menge, Bruce","Movement behavior and other aspects of limpet biology","Zoology 533","Advanced Invertebrate Zoology","Summer",1966,"Acmaea testudinalis scutum; Acmaea pelta; Acmaea digitalis",NA,0.5,1,1,0,1,NA,0.5,0,1,"cormac, lauren, elena",NA
"86",243,"Reiswig, Henry M.","Investigations of the scallop-sponge association of the San Juan Island area","Zoology 533","Advanced Invertebrate Zoology","Summer",1966,"Myxilla incrustans; Mycale adhaerens; Lophon pattersoni","San Juan Islands",1,1,1,0,1,NA,0,0,1,"cormac, lauren, elena",NA
"87",250,"Ewing, H.H.","Preliminary description of a hydroid from Puget Sound","Zoology 533","Advanced Invertebrate Zoology","Summer",1967,"Balanus nubilis","Puget Sound",1,1,1,0,1,NA,NA,NA,NA,"Lauren, Elena, Cormac",NA
"88",251,"Kallander, Claes R. (Kaellander)","Some observations on the change in distribution of the population of Archaeomysis grebnitzkii, and other crustacean species on the sandy beach at Eagle Cove in relation to the tidal cycle.","Zoology 533","Advanced Invertebrate Zoology","Summer",1967,"Archaeomysis grebnitzkii; Neophaeroma oregonensis; Crangon","Eagle Cove, San Juan Island",1,1,1,0,1,NA,NA,NA,NA,"Lauren, Elena, Cormac",NA
"89",281,"Chien, Paul K.","Ecological and morphlogical studies on Leathesia difformis (L.)","Botany 445","Marine Algology","Summer",1968,"Leathesia difformis","Lonesome Cove, San Juan Island",1,1,1,1,0.5,NA,NA,NA,NA,"Lauren, Elena, Cormac",NA
"90",283,"Kugrens, Paul","Studies on Odonthalia floccosa","Botany 445","Marine Algology","Summer",1968,"Odonthalia aleutica; Odonthalia floccosa; Odonthalia washingtoniensis",NA,1,1,0,1,0.5,NA,NA,NA,NA,"Lauren, Elena, Cormac",NA
"91",284,"Lebednik, Phillip A.","The structure and development of the red algae Iridaea cordata on San Juan Island","Botany 445","Marine Algology","Summer",1968,"Iridaea cordata; Iridaea heterocarpa","San Juan Island",1,1,0,1,0.5,NA,NA,NA,NA,"Lauren, Elena, Cormac",NA
"92",285,"Louda, Svata M.","An ecological approach to Calliarthron regenerans Manza in the San Juan Island area, Washington","Botany 445","Marine Algology","Summer",1968,"Calliarthron regenerans; Costaria costata; Nereocystis luetkeana",NA,1,1,1,1,1,NA,NA,NA,NA,"Lauren, Elena, Cormac",NA
"93",287,"Russell, Dennis","A study of the green algae Urospora wormskioldii, San Juan Island","Botany 445","Marine Algology","Summer",1968,"Urospora; Codiolum; Ulothrix laetevirens","San Juan Island",1,1,0,1,1,NA,1,1,0,"Lauren, Elena, Cormac",NA
"94",288,"Wakeman, John S.","Some observations on Prasiola meridionalis Setchell and Gardner","Botany 445","Marine Algology","Summer",1968,"Prasiola meridionalis; Prasiola calophylla; Prasiola borealis",NA,1,1,0.5,1,0.5,NA,1,0,1,"Lauren, Elena, Cormac",NA
"95",289,"Wakeman, John S.","Collection and culture of some benthic marine Chrysophyta in the region of Friday Harbor, Washington","Botany 600b","Research 600","Summer",1968,"Gloeochrysis maritima; Chrysomeris articulata; Pleurochrysis scherffelii","Friday Harbor",0.5,1,0,1,1,NA,1,0,1,"Lauren, Elena, Cormac",NA
"96",299,"Chien, Paul","Observations on the population biology of the intertidal isopod Idotea wosnesenskii","Zoology 533","Advanced Invertebrate Zoology","Summer",1968,"Idothea wosnesenskii; Fucus; Rhodomela",NA,1,1,1,1,1,NA,0.5,0,1,"Lauren, Elena, Cormac",NA
"97",301,"Gustus, Rita M.","The taxonomic status of the Eunice of the Friday Harbor region","Zoology 533","Advanced Invertebrate Zoology","Summer",1968,"Eunice kobiensis; Eunice biannulata","Friday Harbor",1,1,1,0,1,NA,0,1,1,"Lauren, Elena, Cormac",NA
"98",303,"Mason, Carol Ann","The chemical mediation of feeding behavior in Haliclystus auricula (Scyphozoa: Stauromedusae)","Zoology 533","Advanced Invertebrate Zoology","Summer",1968,"Haliclystus auricularia; Caprella laeviuscula",NA,1,1,1,1,1,NA,1,0,1,"Lauren, Elena, Cormac",NA
"99",305,"Rees, Colin P.","Observations on substratum preferences of the isopods, Gnorimosphaeroma o. oregonensis and Exosphaeroma amplicauda","Zoology 533","Advanced Invertebrate Zoology","Summer",1968,"Gnorimosphaeroma oregonensis; Exosphaeroma amplicauda; Protodrilus",NA,1,1,1,0,1,NA,1,1,1,"Lauren, Elena, Cormac",NA
"100",308,"Woodin, Sarah Ann","A preliminary study of the distribution of Ophiodromus pugettensis","Zoology 533","Advanced Invertebrate Zoology","Summer",1968,"Ophiodromus pugettensis",NA,1,1,1,0,1,NA,0,1,1,"Lauren, Elena, Cormac",NA
"101",NA,"Pahl, Brother George","A study of the correlation of the growth rate and the degree of fluting in Thais lemellosa","Zoology 533","Advanced Invertibrates","Summer",1951,"Thais lamellosa","around San Juan Island",1,1,1,0,0.5,"jamie, nucella",0,0,1,"Jamie, Jessica, Kia",NA
"102",NA,"Buckridge, Terry","A survey of animals found on nine species of intertidal algae","Zoology 533","Advanced Invertebrate Zoology","Summer",1964,NA,"San Juan Island, Snug Harbor, False Bay, Iceberg Point, Lopez Island",1,1,1,1,1,NA,0,0,1,"Sean, Chloe, Henry",NA
